[{"filmId": 1, "price": 18.99, "quantity": 1, "date": "10/27/2019", "time": "16:51:17"}, {"filmId": 2, "price": 25.98, "quantity": 2, "date": "10/28/2019", "time": "17:00:54"}, {"filmId": 4, "price": 20.99, "quantity": 1, "date": "10/27/2019", "time": "17:07:18"}, {"filmId": 5, "price": 18.99, "quantity": 1, "date": "10/29/2019", "time": "18:09:38"}, {"filmId": 2, "price": 12.99, "quantity": 1, "date": "10/29/2019", "time": "18:09:38"}, {"filmId": 3, "price": 10.99, "quantity": 1, "date": "10/29/2019", "time": "18:11:05"}]