[
  {
    "id": 1,
    "title": "THE LION KING",
    "image": "lion.jpg",
    "director": "George Lucas",
    "price": 18.99,
    "category": 1,
    "year": 1999,
    "duration": "169 min",
    "actors": "Nombres..",
    "synopsis": "This Disney animated feature follows the adventures of the young lion Simba, the heir of his father, Mufasa. Simba's wicked uncle, Scar, plots to usurp Mufasa's throne by luring father and son into a stampede of wildebeests. But Simba escapes, and only Mufasa is killed. Simba returns as an adult to take back his homeland from Scar with the help of his friends Timon and Pumbaa. "
  },
  {
    "id": 2,
    "title": "INTERSTELLAR",
    "image": "interstelar.jpg",
    "director": "George Lucas",
    "price": 12.99,
    "category": 2,
    "year": 2014,
    "duration": "169 min",
    "actors": "Nombres..",
    "synopsis": "Earth's future has been riddled by disasters, famines, and droughts. There is only one way to ensure mankind's survival: Interstellar travel. A newly discovered wormhole in the far reaches of our solar system allows a team of astronauts to go where no man has gone before, a planet that may have the right environment to sustain human life."
  },
  {
    "id": 3,
    "title": "AVATAR",
    "image": "avatar.jpg",
    "director": "George Lucas",
    "price": 10.99,
    "category": 4,
    "year": 1999,
    "duration": "169 min",
    "actors": "Nombres..",
    "synopsis": "On the lush alien world of Pandora live the Na'vi, beings who appear primitive but are highly evolved. Because the planet's environment is poisonous, human/Na'vi hybrids, called Avatars, must link to human minds to allow for free movement on Pandora. Jake Sully, a paralyzed former Marine, becomes mobile again through one such Avatar and falls in love with a Na'vi woman. As a bond with her grows, he is drawn into a battle for the survival of her world."
  },
  {
    "id": 4,
    "title": "ENDGAME",
    "image": "endgame.jpg",
    "director": "George Lucas",
    "price": 20.99,
    "category": 1,
    "year": 2017,
    "duration": "169 min",
    "actors": "Nombres..",
    "synopsis": "Shitty text"
  },
  {
    "id": 1,
    "title": "THE LION KING",
    "image": "lion.jpg",
    "director": "George Lucas",
    "price": 18.99,
    "category": 1,
    "year": 1999,
    "duration": "169 min",
    "actors": "Nombres..",
    "synopsis": "Shitty text"
  },
  {
    "id": 1,
    "title": "THE LION KING",
    "image": "lion.jpg",
    "director": "George Lucas",
    "price": 18.99,
    "category": 1,
    "year": 1999,
    "duration": "169 min",
    "actors": "Nombres..",
    "synopsis": "Shitty text"
  },
  {
    "id": 1,
    "title": "THE LION KING",
    "image": "lion.jpg",
    "director": "George Lucas",
    "price": 18.99,
    "category": 1,
    "year": 1999,
    "duration": "169 min",
    "actors": "Nombres..",
    "synopsis": "Shitty text"
  }
]
